cell_id,altitude_m,horizontal_distance_m,snr_db,realizations,range_rmse_m,azimuth_rmse_deg,elevation_rmse_deg,bias_range_m,bias_azimuth_rad,bias_elevation_rad,cov_00,cov_01,cov_02,cov_10,cov_11,cov_12,cov_20,cov_21,cov_22
0,30.0,20.0,-15.0,200,102.42708034384401,41.217153589252135,57.71958018863958,70.5619872453598,-0.007635815477475178,-0.7059845038810285,5540.012807788904,-0.7597241727643891,-14.408237623185748,-0.7597241727643891,0.5200423520019778,-0.040208734041444046,-14.408237623185748,-0.040208734041444046,0.5190291718853406
0,30.0,20.0,-10.0,200,88.36676776336877,32.43400992785196,39.752629074482265,48.190487245359854,-0.05820673055401091,-0.3724084505936123,5513.932245226088,-6.251779729832197,-24.821883793025084,-6.251779729832197,0.3186521010292842,0.014744336505674341,-24.821883793025084,0.014744336505674341,0.3444122396016097
0,30.0,20.0,-5.0,200,16.836119955323,8.5848704125339,8.787768646393483,2.0619872453600085,-0.001134464013796308,-0.015794051179870726,280.60617462311353,0.11993898234455572,-1.7701512983046912,0.11993898234455572,0.022561825959479285,0.006678645084375418,-1.7701512983046912,0.006678645084375418,0.02339154870430927
0,30.0,20.0,0.0,200,1.3940528850941136,0.9307255234493115,0.9162373538295016,-0.16451275463998435,-0.0011780972450961657,-0.0011769186944182353,1.925948743718578,0.0007523772355895954,0.001809923975315624,0.0007523772355895954,0.00026380595655410246,6.542003506600381e-06,0.001809923975315624,6.542003506600381e-06,0.00025561649325833095
0,30.0,20.0,5.0,200,0.7373814484774845,0.49117206760970733,0.5400050061232224,-0.12351275463998451,0.000479965544298433,0.0006993102514756793,0.5311316582914535,-1.982132718345341e-05,-0.0003148609052592803,-1.982132718345341e-05,7.362671919580739e-05,-4.094731647886634e-06,-0.0003148609052592803,-4.094731647886634e-06,8.878296657100053e-05
0,30.0,20.0,10.0,200,0.429520464308233,0.3082207001484453,0.36054951532483154,0.016487245360015414,-8.726646259971549e-05,-0.0005224202249203508,0.18514170854271225,1.0700008479561223e-05,7.612792918246628e-05,1.0700008479561223e-05,2.907642155200198e-05,-1.4848185788598155e-06,7.612792918246628e-05,-1.4848185788598155e-06,3.952372753212485e-05
1,105.0,60.0,-15.0,200,68.75191993906242,42.92414821519468,60.61381180910752,9.147133775521331,0.012828170002158343,-0.7871455644086336,4666.488883417055,4.726618500677706,-7.281181325122537,4.726618500677706,0.563907239403578,-0.03454428127606203,-7.281181325122537,-0.03454428127606203,0.5020871087135015
1,105.0,60.0,-10.0,200,54.79077512221759,31.86769524141964,49.714476663255276,10.639133775521314,-0.010821041362364819,-0.4973336421149748,2903.3546442210845,-2.5359281457427607,-7.902653165988388,-2.5359281457427607,0.3107910811338952,0.010303783722437614,-7.902653165988388,0.010303783722437614,0.5080704454029533
1,105.0,60.0,-5.0,200,16.956023587299917,8.504704580407244,18.665940682066157,-1.1963662244786417,0.006370451769779288,-0.06370658945698354,287.5130087939678,0.209567778783592,0.5318441407391561,0.209567778783592,0.022102909866755314,-2.0152202670807863e-05,0.5318441407391561,-2.0152202670807863e-05,0.10258840407092638
1,105.0,60.0,0.0,200,1.4397534742322537,1.033198915988589,1.0642983365782852,-0.24636622447864426,-0.0006108652381980307,-0.0004384040721890814,2.022305276381893,-0.000766322328608052,-0.0015545709041004693,-0.000766322328608052,0.00032643812993273517,2.3129493532548256e-05,-0.0015545709041004693,2.3129493532548256e-05,0.0003465903326035502
1,105.0,60.0,5.0,200,0.7844961942636224,0.5645794895318063,0.6145149104636514,-0.0063662244786453215,0.00013089969389957546,-0.00026387114698966707,0.6184861809045176,0.00035158736879055657,-0.0005586807706132631,0.00035158736879055657,9.756750535391842e-05,-2.464492692746489e-06,-0.0005586807706132631,-2.464492692746489e-06,0.00011554031580653629
1,105.0,60.0,10.0,200,0.46295575507982273,0.3464101615137715,0.3425221934396129,0.015133775521355163,0.0008726646259971549,0.0002597276286086203,0.21517487437185748,0.00019821327183452723,0.00026346578256236295,0.00019821327183452723,3.597240886928398e-05,3.5207038467810662e-06,0.00026346578256236295,3.5207038467810662e-06,3.584994960504928e-05
2,60.0,80.0,-15.0,200,66.70677401883526,39.108630760996995,41.81442066986855,20.48099999999961,0.01919862177193763,-0.42834564525368324,4050.575215075349,7.6614016534894525,-4.310779554329582,7.6614016534894525,0.46787858012515804,0.04904485878942289,-4.310779554329582,0.04904485878942289,0.3508814563830296
2,60.0,80.0,-10.0,200,46.577722679409476,31.402189414115696,29.496545416621444,13.366499999999627,-0.00890117918517108,-0.2223967935183527,2000.8250530150601,-6.728206290178514,-2.621949000183224,-6.728206290178514,0.3018123066504899,0.022397424397242585,-2.621949000183224,0.022397424397242585,0.21665416300226079
2,60.0,80.0,-5.0,200,16.15978650849067,5.891943652140606,8.24057438114783,1.6739999999996744,0.011431906600562852,-0.019938600287010274,259.63459698492267,0.5469244432637945,-1.8894914309943411,0.5469244432637945,0.010496588180272964,-0.008400785890472344,-1.8894914309943411,-0.008400785890472344,0.020390077878166307
2,60.0,80.0,0.0,200,1.3570556362949586,0.7097534783289156,0.6217675552556401,0.11299999999967944,-0.0011780972450961635,-0.00043454589597364255,1.8380211055276263,-0.0007914936600312781,0.0008334604965679482,-0.0007914936600312781,0.00015282724834035118,2.919888081623752e-06,0.0008334604965679482,2.919888081623752e-06,0.00011816553628359302
2,60.0,80.0,5.0,200,0.7192009454943846,0.4092676385936178,0.3549583138050926,-0.031500000000319446,0.0002617993877991465,-0.00039091266467378426,0.5188520100502473,-3.9949621823286594e-05,0.00018323764521251945,-3.9949621823286594e-05,5.121093356263366e-05,-8.866816101077851e-06,0.00018323764521251945,-8.866816101077851e-06,3.841968072799823e-05
2,60.0,80.0,10.0,200,0.40422765862813476,0.19364916731036863,0.2414624290497646,0.023999999999680454,-0.00017453292519943099,0.0003508522674238068,0.1636422110552757,-0.00011857714315056681,6.823448030409973e-05,-0.00011857714315056681,1.1449941206052915e-05,-3.3676297664861945e-07,6.823448030409973e-05,-3.3676297664861945e-07,1.7725978498141217e-05
3,30.0,100.0,-15.0,200,67.03838576165023,42.65467442145116,35.28429531458279,12.801434910894118,0.013919000784654774,-0.25118332198809806,4352.028572613035,2.4080616630584273,-0.8192239379496613,2.4080616630584273,0.5568177568816732,-0.011209303011551685,-0.8192239379496613,-0.011209303011551685,0.3177386831176268
3,30.0,100.0,-10.0,200,50.98262724142266,34.84777611268758,23.685775444940234,14.568934910894127,0.07086036763096976,-0.10728092516116544,2398.9692623115398,1.4047914837636464,-2.4838847077779675,1.4047914837636464,0.3667299525849646,0.02608936456394542,-2.4838847077779675,0.02608936456394542,0.16018697167046222
3,30.0,100.0,-5.0,200,10.655536974329609,8.702801273153373,4.516119517583281,0.04443491089416824,0.008944812416470946,-0.007666258103589107,114.10903894472283,0.41512360254352065,0.5579072126231782,0.41512360254352065,0.02310686727005493,-0.0036047415168629234,0.5579072126231782,-0.0036047415168629234,0.006184927599496483
3,30.0,100.0,0.0,200,1.5167108755522198,0.5744562646537977,0.52942623500598,-0.06056508910583148,-0.0008726646259971549,0.0004931561494843856,2.3082851758793796,0.0002302255922856957,-0.002156117487372638,0.0002302255922856957,0.00010026352259311074,-3.7885834872969333e-06,-0.002156117487372638,-3.7885834872969333e-06,8.556649745880521e-05
3,30.0,100.0,5.0,200,0.7723559581681779,0.3240370349203893,0.32715562324757874,0.017434910894167786,-0.00034906585039886197,0.00036225645558481763,0.5992258793969822,0.00023083952719844537,-0.0003773068563859099,0.00023083952719844537,3.20230975976774e-05,-5.541281706672719e-06,-0.0003773068563859099,-5.541281706672719e-06,3.263539391885739e-05
3,30.0,100.0,10.0,200,0.4215511488631164,0.17677669529663487,0.25101420047941586,-0.010565089105831689,-0.00013089969389957324,0.00010045706778566977,0.17848618090452179,2.0939565774555424e-05,-8.266195075400344e-05,2.0939565774555424e-05,9.549909184393412e-06,-2.9466760456754217e-07,-8.266195075400344e-05,-2.9466760456754217e-07,1.9279680413133696e-05
4,120.0,140.0,-15.0,200,80.7093272506157,40.494521234359595,44.483415188107564,-46.72238914585821,0.06811147405907877,-0.4936017082819691,4352.777746482381,1.1453688792005146,9.563734761054027,1.1453688792005146,0.4973611818357964,-0.0008032715437551193,9.563734761054027,-0.0008032715437551193,0.3609311084307877
4,120.0,140.0,-10.0,200,54.082409571337806,24.862773377079236,32.014014560875,-18.650389145858302,0.03237585762449481,-0.26544354181501023,2590.020110301489,1.1010417918180004,12.917806319299991,1.1010417918180004,0.18819431810540785,-0.004777239222845212,12.917806319299991,-0.004777239222845212,0.24295602500447155
4,120.0,140.0,-5.0,200,16.642689316492383,6.18455738109042,3.2823312338385704,-1.3093891458583693,0.0031852258848896397,-0.003033288777662691,276.64784698492304,0.3769275542410561,0.5081786381731989,0.3769275542410561,0.011699587810180018,-0.0020165271370419344,0.5081786381731989,-0.0020165271370419344,0.003289100849868989
4,120.0,140.0,0.0,200,1.408749287487204,0.7280109889280486,0.6675851855428412,0.025110854141623947,0.0006108652381980085,-0.0011570598317687975,1.9939135678391788,0.000314685495284214,0.0013846863432405297,0.000314685495284214,0.0001618834936157939,-4.584568704830077e-06,0.0013846863432405297,-4.584568704830077e-06,0.00013509552956420104
4,120.0,140.0,5.0,200,0.813255386724571,0.4527692569068661,0.41500874259540727,0.04211085414162312,-8.726646259971327e-05,0.00010830387592709322,0.6629256281406984,-0.0007732948751172693,-0.00010607918242648779,-0.0007732948751172693,6.275271921686357e-05,-2.8969269695795845e-06,-0.00010607918242648779,-2.8969269695795845e-06,5.271679982753541e-05
4,120.0,140.0,10.0,200,0.471560422092649,0.27156951228000237,0.2654727541681037,0.005610854141624202,-0.00021816615649928873,0.00015193710722695154,0.2234550251256267,2.1158828243398287e-05,1.552378279412218e-05,2.1158828243398287e-05,2.253059119339454e-05,-2.6405278850857657e-06,1.552378279412218e-05,-2.6405278850857657e-06,2.1552830505511913e-05
5,75.0,160.0,-15.0,200,68.45059974047959,41.93863075971842,38.5600666810246,-31.005970470723398,-0.03887720908817365,-0.33204600841150334,3742.828542713538,-3.411794179195015,4.631647768857735,-3.411794179195015,0.536949277018686,-0.017872401509647164,4.631647768857735,-0.017872401509647164,0.3443965973440294
5,75.0,160.0,-10.0,200,58.34124590839068,27.35541536880769,25.211757268059927,-20.417970470723432,-0.032157691467995526,-0.14245961841361907,3001.816538693446,-0.8111151952531357,3.2988815503695363,-0.8111151952531357,0.2280570951582555,-0.025675886598531053,3.2988815503695363,-0.025675886598531053,0.1742010567955341
5,75.0,160.0,-5.0,200,17.869329617546537,6.415313710178169,6.030228816087165,-1.337970470723505,-0.003097959422289933,-0.002135146553275017,319.1183678391937,0.4905220674183912,1.3329756579984458,0.4905220674183912,0.012590264653783483,0.005229368393534023,1.3329756579984458,0.005229368393534023,0.011128085731399255
5,75.0,160.0,0.0,200,1.4123503219190736,0.5947688626685103,0.5537537266571518,-0.04347047072350989,-0.0018762289458938853,0.0009628128690149168,2.002858040200992,0.0003853537889924735,0.0009274802432080449,0.0003853537889924735,0.0001047619871277749,-1.6761611792283696e-06,0.0009274802432080449,-1.6761611792283696e-06,9.294658155501996e-05
5,75.0,160.0,5.0,200,0.7934022589600787,0.34460121880225164,0.3360407358104538,-0.014470470723508697,-0.00013089969389957324,-8.438468218168183e-05,0.6324399497487397,-0.00043525792690124324,-0.0004089683568869099,-0.00043525792690124324,3.633787323598779e-05,-2.8089093734100723e-06,-0.0004089683568869099,-2.8089093734100723e-06,3.456412733057229e-05
5,75.0,160.0,10.0,200,0.44048122046145477,0.19999999999999774,0.21844924776002841,-0.004970470723509095,-8.726646259971549e-05,-0.000258917607381115,0.19497386934673314,2.639920124875935e-05,6.840989027917337e-05,2.639920124875935e-05,1.2238272719571215e-05,-2.2961112044223944e-07,6.840989027917337e-05,-2.2961112044223944e-07,1.4542037628008762e-05
6,105.0,200.0,-15.0,200,111.13220173725308,39.96600117599959,37.472502719292805,-82.79413996153082,-0.021947515343828695,-0.3482712510002382,5523.112212060261,-2.309268857512816,9.878580493350462,-2.309268857512816,0.4885206026320818,-0.010244685646887798,9.878580493350462,-0.010244685646887798,0.30798733801069517
6,105.0,200.0,-10.0,200,81.60151606983695,30.34540739551868,27.126535966205015,-43.97963996153095,-0.002138028333693058,-0.20353982277860844,4748.340395728608,-2.432328229830227,12.971475018388844,-2.432328229830227,0.2819100261171471,0.03245349407581709,12.971475018388844,0.03245349407581709,0.18364216092365432
6,105.0,200.0,-5.0,200,24.87028399001085,11.389249316789934,8.708587309382764,-4.364639961531102,-0.020682151636132823,-0.02080385009480209,602.4934108040155,1.493039935256325,1.8074082673793457,1.493039935256325,0.03928210775008338,0.02604865833914304,1.8074082673793457,0.02604865833914304,0.022783146205047528
6,105.0,200.0,0.0,200,1.315167588551,0.634428877022472,0.6002546402032835,0.08286003846888093,0.0010471975511966037,0.0009254990925273183,1.7314572864321491,-0.0002885494089980405,0.00018988129801846048,-0.0002885494089980405,0.00012212250125921242,9.138522593601285e-06,0.00018988129801846048,9.138522593601285e-06,0.0001094460539847992
6,105.0,200.0,5.0,200,0.7295830348257738,0.3758324094593184,0.35000039704455654,0.06636003846888144,-0.0004799655442984352,9.201235230293925e-06,0.5305404522613015,0.0004424058833855465,-0.000301705157128664,0.0004424058833855465,4.301190313684221e-05,-9.949815219163742e-07,-0.000301705157128664,-9.949815219163742e-07,3.7503149672233046e-05
6,105.0,200.0,10.0,200,0.43450097890149525,0.19364916731036863,0.26690278779496107,0.013860038468881158,0.0,-0.00020896492126899757,0.18954673366834063,0.00011401648379862424,9.757179863536253e-05,0.00011401648379862424,1.1480556022111876e-05,7.653704014741346e-07,9.757179863536253e-05,7.653704014741346e-07,2.1765220791921017e-05
7,30.0,200.0,-15.0,200,94.10815230998635,43.556328472450474,31.63732447577045,-60.77148416156729,-0.024216443371421342,-0.12196824389748469,5189.116627135641,-2.288958531171349,6.771389770302284,-2.288958531171349,0.5802207478734847,-0.06428913332791414,6.771389770302284,-0.06428913332791414,0.29147890118008907
7,30.0,200.0,-10.0,200,65.4215134856573,30.07006401722484,21.263714015930464,-30.921484161567406,-0.004145156973486508,-0.02204814422080935,3340.5389386934444,-4.31825504508984,-0.8448407449308464,-4.31825504508984,0.2768045769318894,-0.0016348981474588885,-0.8448407449308464,-0.0016348981474588885,0.1379349599957956
7,30.0,200.0,-5.0,200,16.544514262103785,3.833568833345763,4.973652169016,-2.4964841615675146,-0.0003054326190990042,-0.00018789533958037404,268.8326824120584,-0.18662801306325943,0.05314360932846397,-0.18662801306325943,0.004499136147191565,0.0009369205232605568,0.05314360932846397,0.0009369205232605568,0.007573217663322404
7,30.0,200.0,0.0,200,1.4078239053199835,0.5099019513592739,0.5398042527644888,-0.018984161567523045,-0.00017453292519942432,-0.0010169267342776786,1.9915655778894341,0.0002532042990204709,-0.0011180851073737015,0.0002532042990204709,7.956790693725025e-05,-2.7629871493216183e-06,-0.0011180851073737015,-2.7629871493216183e-06,8.816875682381767e-05
7,30.0,200.0,5.0,200,0.8578056894630165,0.29580398915497746,0.3392083514024765,-0.020484161567523244,0.0,0.00042296989861764626,0.739106532663313,0.00028504120949656185,0.0004352798531481273,0.00028504120949656185,2.678796405159439e-05,-2.2961112044224017e-06,0.0004352798531481273,-2.2961112044224017e-06,3.5046310683501023e-05
7,30.0,200.0,10.0,200,0.4233288829063011,0.1457737973711309,0.19291422538930425,0.03451583843247775,-0.0003054326190990042,-0.0001878953395803655,0.17891055276381895,-8.595088778665205e-06,-9.103777706382148e-05,-8.595088778665205e-06,6.411890538349499e-06,1.0715185620637678e-07,-9.103777706382148e-05,1.0715185620637678e-07,1.1358096757876275e-05
