cell_id,snr_db,path_count,range_rmse_m,azimuth_rmse_deg,elevation_rmse_deg,range_bias_m,azimuth_bias_deg,elevation_bias_deg,cov_00,cov_01,cov_02,cov_10,cov_11,cov_12,cov_20,cov_21,cov_22
0,-15.0,3,97.47259240883795,40.47128611744381,53.792948647718525,66.2696192828923,-0.9749999999999984,-37.71557303311303,5134.918423115541,-0.6194502409031073,-16.964812136929737,-0.6194502409031073,0.5011566938386532,-0.044349196570818795,-16.964812136929737,-0.044349196570818795,0.450410340109713
0,-10.0,3,82.93769072452031,30.590807442759665,43.267282798335835,45.842619282892336,0.7400000000000002,-22.390573033113036,4801.120402010018,2.231931432699718,-25.046426365233323,2.231931432699718,0.2863250365766606,-0.002742934444803042,-25.046426365233323,-0.002742934444803042,0.4196434066834545
0,-5.0,3,28.922856217351782,12.724140442481763,17.008003261165403,5.881119282892517,-0.3875000000000002,-2.7705730331130254,805.9739173366779,0.35713328404626027,-7.177732239862324,0.35713328404626027,0.0495205651953291,-0.0027095260267786868,-7.177732239862324,-0.0027095260267786868,0.08621012804422098
0,0.0,3,1.5809289570625717,1.0240849574132003,1.1626433186975353,0.472119282892541,-0.12249999999999989,0.7069269668869739,2.287879145728628,-0.0028335069586177615,0.0009787657346705325,-0.0028335069586177615,0.000316478747583553,2.8529181714949313e-06,0.0009787657346705325,2.8529181714949313e-06,0.00026083631939638463
0,5.0,3,0.8521870302017098,0.47302219821060754,0.8631087286694583,0.34161928289254173,-0.012499999999999987,0.6919269668869742,0.612581909547734,-0.0003422687138647123,-5.569266708623121e-06,-0.0003422687138647123,6.845281528184213e-05,-2.1717385141828503e-06,-5.569266708623121e-06,-2.1717385141828503e-06,8.149472692296311e-05
0,10.0,3,0.5534255970024927,0.3409545424246425,0.7535351836524313,0.3716192828925414,-0.02749999999999969,0.684426966886976,0.1690241206030138,6.924308766077796e-05,-0.000181987849140111,6.924308766077796e-05,3.535819912210091e-05,1.052384302026936e-06,-0.000181987849140111,1.052384302026936e-06,3.0423473458597174e-05
1,-15.0,3,66.82765445235992,45.514379595903534,65.5723114141344,10.744183710457094,2.1774999999999998,-48.1861954344003,4372.359714572835,-0.7786772424974673,-2.212627126417798,-0.7786772424974673,0.6327522974490465,-0.0849137034762581,-2.212627126417798,-0.0849137034762581,0.6055055244565842
1,-10.0,3,51.12299037858893,31.974540653463656,40.49201345016779,1.8106837104571216,-0.5474999999999987,-21.4036954344003,2623.398562562796,-4.074798037195553,-1.218187677276946,-4.074798037195553,0.3129053078026858,-0.03209932466281294,-1.218187677276946,-0.03209932466281294,0.3617094518605665
1,-5.0,3,13.654523137304281,9.050276238878014,10.223821136784428,1.2686837104571271,-1.4550000000000018,-1.0461954344003044,185.76527010050128,-0.5613972133397603,-0.08538749287296105,-0.5613972133397603,0.024427707153824984,-0.016937528352210535,-0.08538749287296105,-0.016937528352210535,0.03166551463268337
1,0.0,3,1.832221692805212,2.6565955657570464,1.0966082342583763,0.991683710457126,-2.319999999999998,0.21130456559969482,2.385527386934653,-0.018897618254709196,-0.0012419903285171689,-0.018897618254709196,0.0005128287838037345,-4.165145724822295e-05,-0.0012419903285171689,-4.165145724822295e-05,0.00035448895514676303
1,5.0,3,1.2337552524651645,2.4384933873193093,0.6472161976489745,0.9581837104571264,-2.347499999999999,0.34130456559969435,0.6070713567839148,-0.004565570831247064,-0.00022943624739784073,-0.004565570831247064,0.00013332561051079126,-7.760855870947837e-06,-0.00022943624739784073,-7.760855870947837e-06,9.257920376231211e-05
1,10.0,3,1.0173919124513366,2.280898945591408,0.43663942182452053,0.8881837104571264,-2.244999999999996,0.25130456559969344,0.24745326633165748,-0.0019402097343024166,0.000170147675822563,-0.0019402097343024166,4.9741422391803436e-05,-4.43914832855e-06,0.000170147675822563,-4.43914832855e-06,3.903389047518158e-05
2,-15.0,3,68.23290406648883,43.52799386601684,43.04744738372064,15.175234877809931,-0.7874999999999988,-24.483638056959514,4447.679842964792,-1.22524360930307,-3.0416068848036915,-1.22524360930307,0.5798648506367996,-0.05178332538450732,-3.0416068848036915,-0.05178332538450732,0.38379780246885986
2,-10.0,3,54.62580886659388,35.87316197382104,30.928684767157712,21.730734877809905,-2.4025,-13.528638056959519,2524.376036180889,-4.61093544670589,-7.378661910570855,-4.61093544670589,0.3922100038588707,0.048169923701551695,-7.378661910570855,0.048169923701551695,0.23682381611822867
2,-5.0,3,11.320893313725128,9.692522891383852,7.267195696368528,2.616734877809973,-1.5549999999999986,-0.3886380569595205,121.92494874371775,0.1492488051622247,-0.958293636479555,0.1492488051622247,0.028020815040585522,0.0029136311785918027,-0.958293636479555,0.0029136311785918027,0.016122096986201966
2,0.0,3,2.356516534224907,1.425219281373922,0.7505115728393855,1.6742348778099758,-1.1574999999999989,0.21136194304047945,2.763927386934656,-0.013711161890437982,-0.0013783935103847149,-0.013711161890437982,0.00021168423221371485,4.142567297978609e-06,-0.0013783935103847149,4.142567297978609e-06,0.00015876652265579269
2,5.0,3,1.9369486766756048,1.1742018565817367,0.4522991530102874,1.6742348778099743,-1.0724999999999971,0.1863619430404794,0.9534751256281339,-0.004913079918117189,-0.0011497027553809386,-0.004913079918117189,6.995294126873427e-05,2.688363535177926e-06,-0.0011497027553809386,2.688363535177926e-06,5.199735165014966e-05
2,10.0,3,1.7100697551026576,1.1213830746002864,0.32210361124489356,1.6282348778099753,-1.0749999999999944,0.16386194304047935,0.2745625628140683,-0.0018477248249442724,-0.00047922005190437477,-0.0018477248249442724,3.1188843860072463e-05,1.683814883243084e-06,-0.00047922005190437477,1.683814883243084e-06,2.3542793549344677e-05
3,-15.0,3,74.85216457444585,44.67392975774573,35.55966945363864,32.25153040911326,1.8249999999999986,-14.542551930525837,4585.613394723587,3.691390882327722,-5.250410446511053,3.691390882327722,0.6099785882610493,0.020321387798060017,-5.250410446511053,0.020321387798060017,0.3223753218842953
3,-10.0,3,51.70056411749083,27.853051897413323,20.279046565490006,18.449530409113322,2.3450000000000006,-6.242551930525838,2344.28458065325,1.154581476870183,-4.548042068585345,1.154581476870183,0.23582393048546496,-0.03198197424600689,-4.548042068585345,-0.03198197424600689,0.11396985993345583
3,-5.0,3,21.384374927860907,12.06244170970372,9.053696405829921,5.969530409113363,-0.2099999999999999,-1.322551930525842,423.77507311557497,-0.7683647146528422,-0.06496970599551322,-0.7683647146528422,0.044531821602314524,0.008775078804757249,-0.06496970599551322,0.008775078804757249,0.02455928963324644
3,0.0,3,3.7127377397982486,2.561737691489899,0.7549392160276347,3.1820304091133744,-2.3449999999999975,-0.38005193052584163,3.6774914572864033,-0.02846325042546362,-0.004661695497588054,-0.02846325042546362,0.00032558091508308587,3.849430434214208e-05,-0.004661695497588054,3.849430434214208e-05,0.0001302641289048956
3,5.0,3,3.438733076819983,2.4135036772294334,0.47462805983289114,3.2420304091133745,-2.344999999999999,-0.270051930525842,1.3207276381909452,-0.009361981189692524,-0.00021136901996514365,-0.009361981189692524,9.979664664821252e-05,5.338458550282089e-06,-0.00021136901996514365,5.338458550282089e-06,4.66397588398306e-05
3,10.0,3,3.2256485379861792,2.3449413638724517,0.37539690168040973,3.165030409113375,-2.3174999999999977,-0.28005193052584204,0.38933768844220823,-0.0031236569836383477,-0.0004910163727281543,-0.0031236569836383477,3.9169743721442034e-05,3.591500608917373e-06,-0.0004910163727281543,3.591500608917373e-06,1.9132346610849945e-05
4,-15.0,3,81.53330787405393,39.4295415900312,43.932792472163094,-43.378737915426946,4.697499999999998,-28.4930300363466,4789.914964572829,-0.4902235415670602,9.087802703353699,-0.4902235415670602,0.46920948080285485,-0.03999362477668374,9.087802703353699,-0.03999362477668374,0.34234635181395046
4,-10.0,3,58.559622987932265,30.726210309766483,29.760194570474457,-23.82473791542704,-3.189999999999998,-12.95303003634661,2875.9912640703333,4.348382848473772,8.713028328482935,4.348382848473772,0.28591908411571887,0.010331528399491046,8.713028328482935,0.010331528399491046,0.21978015002559367
4,-5.0,3,22.2608208040691,13.884568772561861,10.436831865212211,-1.9732379154270954,-5.452500000000003,-1.4005300363466084,494.1210804020069,2.6779071283405047,3.1595585817618805,2.6779071283405047,0.04991791489295844,0.013759786982330048,3.1595585817618805,0.013759786982330048,0.032747436491929245
4,0.0,3,1.8106060478495574,6.23848940048791,0.9402355810450467,0.566762084572894,-6.107499999999999,0.4544699636533914,2.971934673366816,-0.032145851294677855,-0.0034687322571043,-0.032145851294677855,0.0004951008918795897,4.1023853519014184e-05,-0.0034687322571043,4.1023853519014184e-05,0.0002074153787994931
4,5.0,3,1.147342162433727,6.162183054729873,0.6275681632290734,0.6092620845728934,-6.120000000000002,0.4319699636533911,0.9499434673366762,-0.010365852477045712,-0.00037504845295682396,-0.010365852477045712,0.0001586153620015023,1.1495863430141652e-05,-0.00037504845295682396,1.1495863430141652e-05,6.344729285620296e-05
4,10.0,3,0.7501987641544758,6.103277807866854,0.5110629616503664,0.49126208457289494,-6.090000000000014,0.41446996365339145,0.32307512562813706,-0.003265168981029993,-0.0005134249970439613,-0.003265168981029993,4.956538719946588e-05,1.3470519065945172e-06,-0.0005134249970439613,1.3470519065945172e-06,2.7369645556715386e-05
5,-15.0,3,83.4467351577778,40.8966227211979,35.15445774241995,-45.02005807129026,1.1624999999999992,-17.02036737011248,4961.358773618054,-2.3841961711946382,3.256875400072223,-2.3841961711946382,0.5116294005489744,0.02267799196558898,3.256875400072223,0.02267799196558898,0.2896599371913538
5,-10.0,3,47.18011607700888,25.6289143351801,24.013825388066998,-13.064058071290344,-1.027499999999999,-9.157867370112484,2065.6218489949597,0.3833021719977429,5.2258726082128,0.3833021719977429,0.20076752265294248,-0.010433020341578527,5.2258726082128,-0.010433020341578527,0.15086897928484527
5,-5.0,3,14.93871119121108,9.728116467230437,8.048170028914196,0.16094192870960924,-4.407500000000001,-0.8978673701124833,224.26049221105362,-0.7071790622708781,1.8288855743587389,-0.7071790622708781,0.023025462474154195,-0.008184239642783257,1.8288855743587389,-0.008184239642783257,0.01958334111991852
5,0.0,3,2.406858170983317,6.460069659067153,0.7206170089622385,1.2914419287096046,-6.3100000000000005,0.2446326298875166,4.145873366834144,-0.044949507752819515,-0.005614083957256711,-0.044949507752819515,0.0005867023349540193,5.875748572117016e-05,-0.005614083957256711,5.875748572117016e-05,0.00014065785895691396
5,5.0,3,1.7386140512400952,6.356296091278316,0.4387702554600667,1.3339419287096055,-6.3050000000000015,0.15213262988751666,1.2496258793969792,-0.014162732945021217,-0.001688540272563865,-0.014162732945021217,0.00019883557659896838,2.0014435998548834e-05,-0.001688540272563865,2.0014435998548834e-05,5.185384469987321e-05
5,10.0,3,1.4117680565821125,6.31120036126251,0.3196049043268004,1.2889419287096056,-6.297500000000021,0.18213262988751663,0.3333846733668304,-0.0035583448281206256,-0.00030771294877498146,-0.0035583448281206256,5.288518131585925e-05,4.397052956468974e-06,-0.00030771294877498146,4.397052956468974e-06,2.111656937667164e-05
6,-15.0,3,108.40891823559944,41.89270521224429,33.38143609570958,-79.68730542102,2.952500000000005,-15.474064820270796,5429.574781658252,-1.343832329511992,9.180076331396917,-1.343832329511992,0.5346208671833207,0.040619632708605496,9.180076331396917,0.040619632708605496,0.2678409414750253
6,-10.0,3,77.21263851629026,25.54376146929031,21.459981508913735,-37.170805421020155,-0.17250000000000124,-6.569064820270797,4603.138463316547,-9.384425466085803,9.818639528225384,-9.384425466085803,0.19974759005593787,-0.023283193303146585,9.818639528225384,-0.023283193303146585,0.12777956628679585
6,-5.0,3,5.0710018269300035,11.21433234749176,5.326422179739229,0.379194578979729,-7.012500000000002,-0.10406482027079957,25.699769849246035,-0.4429906563899514,0.29649903292094043,-0.4429906563899514,0.023446691728309453,-0.010744815022305065,0.29649903292094043,-0.010744815022305065,0.008682344613488645
6,0.0,3,2.207783950502346,8.145167278822454,0.8123102290980293,0.37519457897972985,-7.977499999999998,0.3034351797292004,4.757325628140675,-0.05868432806364562,-0.00458056838411595,-0.05868432806364562,0.0008275931016879871,3.904537103120321e-05,-0.00458056838411595,3.904537103120321e-05,0.00017382327187879252
6,5.0,3,1.2453318926896972,8.096912991998867,0.5463181824724496,0.5641945789797288,-8.054999999999994,0.2984351797292005,1.238729648241196,-0.014481145902275722,-0.0013818797836393298,-0.014481145902275722,0.00020725465101518363,1.6853456240460636e-05,-0.0013818797836393298,1.6853456240460636e-05,6.410742482747425e-05
6,10.0,3,0.7460196652544893,8.016233529532437,0.41648956349469357,0.5071945789797287,-8.004999999999995,0.29843517972920025,0.3008030150753731,-0.003481800300247387,-0.0006123562229861499,-0.003481800300247387,5.509901520212441e-05,6.750566941001989e-06,-0.0006123562229861499,6.750566941001989e-06,2.5838904753767117e-05
7,-15.0,3,90.72912562811274,41.386592031719644,27.64012028050046,-52.19341975998411,6.020000000000003,-4.695047829419098,5535.297659296443,5.33029622744204,3.1361250369617113,5.33029622744204,0.5132909450669605,0.02813936326206984,3.1361250369617113,0.02813936326206984,0.2271413543474297
7,-10.0,3,61.31122510972217,34.69850501102317,20.910531513692586,-23.792919759984244,14.217500000000003,-1.3400478294190963,3209.0083354271137,2.463712363308142,2.8211857234435773,2.463712363308142,0.306714211317753,-0.03875260919893553,2.8211857234435773,-0.03875260919893553,0.13331362481030481
7,-5.0,3,18.84007062792446,24.131903157438703,5.409304893943163,3.393080240015639,18.582499999999992,0.2149521705809033,345.1610731155757,2.7435678838590736,-0.4931982535556134,2.7435678838590736,0.07256918969125799,-0.0023980776761588192,-0.4931982535556134,-0.0023980776761588192,0.00894392716902646
7,0.0,3,6.634591523528058,25.66013445015439,0.7929258039420598,6.140580240015627,23.875000000000014,-0.3275478294190968,6.342792964824077,0.1576913749675626,-0.003906950227334941,0.1576913749675626,0.027071725127941523,9.844576788961146e-05,-0.003906950227334941,9.844576788961146e-05,0.00015963904491347295
7,5.0,3,6.1829850471230365,26.64441780185861,0.5402123817355523,6.034080240015628,26.479999999999986,-0.3075478294190969,1.8283213567839065,-0.009869617657559034,-0.001499514098173862,-0.009869617657559034,0.0026740817234864153,3.8207290441589136e-05,-0.001499514098173862,3.8207290441589136e-05,6.0385811250306385e-05
7,10.0,3,6.182162356346696,26.61864947738709,0.3939880044052767,6.132580240015626,26.60999999999996,-0.27754782941909695,0.6136592964824074,-0.008767516784164028,-0.0005239934480422166,-0.008767516784164028,0.00014095061313547692,9.467631866235125e-06,-0.0005239934480422166,9.467631866235125e-06,2.393887273210748e-05
